{"cameraMode":{"drawMode":0,"name":"Shaded","section":"Shading Mode"},"sceneLighting":true,"audioPlay":false,"sceneViewState":{"m_AlwaysRefresh":false,"showFog":true,"showSkybox":true,"showFlares":true,"showImageEffects":true,"showParticleSystems":true,"showVisualEffectGraphs":true,"m_FxEnabled":true},"in2DMode":false,"pivot":{"x":-0.05223071575164795,"y":1.14715576171875,"z":-6.778519630432129},"rotation":{"x":0.026942862197756769,"y":-0.7222869396209717,"z":0.028183352202177049,"w":0.6904929280281067},"size":5.6660261154174809,"orthographic":false}